Batch_ID,T80
Test-01,32.5231
Test-02,28.136238
Test-03,7.2157264
Test-04,28.937113
Test-05,39.86314
Test-06,30.05461
Test-07,36.94138
Test-08,4.6620173
Test-09,21.040545
